{"cameraMode":{"drawMode":0,"name":"Shaded","section":"Shading Mode"},"sceneLighting":true,"audioPlay":false,"sceneViewState":{"showFog":true,"showMaterialUpdate":false,"showSkybox":true,"showFlares":true,"showImageEffects":true,"showParticleSystems":true},"in2DMode":false,"pivot":{"x":-2.4092044830322267,"y":-1.250330924987793,"z":25.625072479248048},"rotation":{"x":-0.3238319456577301,"y":-0.2335343062877655,"z":0.07636164873838425,"w":-0.9138014912605286},"size":12.411398887634278,"orthographic":false}