{"cameraMode":{"drawMode":0,"name":"Shaded","section":"Shading Mode"},"sceneLighting":true,"audioPlay":false,"sceneViewState":{"showFog":true,"showMaterialUpdate":false,"showSkybox":true,"showFlares":true,"showImageEffects":true,"showParticleSystems":true},"in2DMode":false,"pivot":{"x":1.9015154838562012,"y":-3.4270737171173097,"z":13.377697944641114},"rotation":{"x":0.19187308847904206,"y":0.04292527586221695,"z":-0.0025841821916401388,"w":0.9805705547332764},"size":10.876067161560059,"orthographic":false}